<Prefab>
  <Window>
    <Widget WidthSizePolicy="StretchToParent" HeightSizePolicy="StretchToParent" IsVisible="@IsOpen">
      <Children>

        <!--Background Tint-->
        <Widget WidthSizePolicy="StretchToParent" HeightSizePolicy="StretchToParent" Sprite="BlankWhiteSquare_9" Color="#000000AA" />

        <ListPanel WidthSizePolicy="Fixed" SuggestedWidth="600" HeightSizePolicy="StretchToParent" HorizontalAlignment="Center" MarginTop="80" MarginBottom="80" StackLayout.LayoutMethod="VerticalBottomToTop" >
          <Children>

            <!--Popup-->
            <Widget Id="PopupParent" WidthSizePolicy="StretchToParent" HeightSizePolicy="StretchToParent" >
              <Children>

                <ListPanel WidthSizePolicy="StretchToParent" HeightSizePolicy="StretchToParent" MarginTop="5" MarginLeft="5" MarginBottom="45" MarginRight="5" StackLayout.LayoutMethod="HorizontalLeftToRight">
                  <Children>

                    <Widget WidthSizePolicy="StretchToParent" HeightSizePolicy="StretchToParent" Sprite="StdAssets\Popup\canvas">
                      <Children>

                        <ListPanel WidthSizePolicy="StretchToParent" HeightSizePolicy="CoverChildren" StackLayout.LayoutMethod="VerticalBottomToTop" MarginRight="25" MarginLeft="25" MarginTop="25" VerticalAlignment="Top">
                          <Children>

                            <!--Character attributes-->
							
							<TroopDesignerTextField Parameter.TextFieldTitle="Id" Parameter.TextFieldInput="@CharacterId" />
							
							<TroopDesignerTextField Parameter.TextFieldTitle="Name" Parameter.TextFieldInput="@CharacterName" />
							
							<TroopDesignerTextField Parameter.TextFieldTitle="Level" Parameter.TextFieldInput="@CharacterLevel" />
							
							<!--Formation Input-->
                            <ListPanel WidthSizePolicy="StretchToParent" HeightSizePolicy="CoverChildren" StackLayout.LayoutMethod="HorizontalLeftToRight">
                              <Children>

								<RichTextWidget DoNotAcceptEvents="true" WidthSizePolicy="Fixed" SuggestedWidth="140" HeightSizePolicy="Fixed" SuggestedHeight="55" HorizontalAlignment="Center" VerticalAlignment="Center" Brush="Crafting.Popup.Property.Name.Text" Text="Default Group" />
                                
								<TroopDesignerDropdown DataSource="{FormationSelection}" WidthSizePolicy="StretchToParent" HeightSizePolicy="Fixed" SuggestedHeight="55" HorizontalAlignment="Center" VerticalAlignment="Center" Brush="Crafting.NameInput.Text" />

                              </Children>
                            </ListPanel>
							
							<TroopDesignerToggle Parameter.ToggleTitle="Is Basic Troop" Parameter.ToggleInput="@CharacterIsBasicTroop" />
							
							<TroopDesignerToggle Parameter.ToggleTitle="Is Female" Parameter.ToggleInput="@CharacterIsFemale" />
							
							<TroopDesignerToggle Parameter.ToggleTitle="Is Hero" Parameter.ToggleInput="@CharacterIsHero" />
							
							<!--Upgrade requirement Input-->
                            <ListPanel WidthSizePolicy="StretchToParent" HeightSizePolicy="CoverChildren" StackLayout.LayoutMethod="HorizontalLeftToRight">
                              <Children>

								<RichTextWidget DoNotAcceptEvents="true" WidthSizePolicy="Fixed" SuggestedWidth="140" HeightSizePolicy="Fixed" SuggestedHeight="55" HorizontalAlignment="Center" VerticalAlignment="Center" Brush="Crafting.Popup.Property.Name.Text" Text="Upgrade Requirement" />
                                
                                <ButtonWidget DoNotPassEventsToChildren="true" WidthSizePolicy="Fixed" HeightSizePolicy="Fixed" SuggestedWidth="40" SuggestedHeight="40" VerticalAlignment="Center" MarginLeft="10" Brush="SPOptions.Checkbox.Empty.Button" ButtonType="Toggle" IsSelected="@CharacterUseUpgradeRequirement" ToggleIndicator="ToggleIndicator" UpdateChildrenStates="true">
                                  <Children>
                                    <ImageWidget Id="ToggleIndicator" WidthSizePolicy="StretchToParent" HeightSizePolicy="StretchToParent" Brush="SPOptions.Checkbox.Full.Button" />
                                  </Children>
                                </ButtonWidget>
								
                                <BrushWidget DoNotAcceptEvents="true" WidthSizePolicy="StretchToParent" HeightSizePolicy="Fixed" SuggestedHeight="55" Brush="SPOptions.Dropdown.Center" IsVisible="@CharacterUseUpgradeRequirement">
                                  <Children>
                                    <EditableTextWidget WidthSizePolicy="StretchToParent" HeightSizePolicy="StretchToParent" HorizontalAlignment="Center" VerticalAlignment="Center" Brush="Crafting.NameInput.Text" Text="@CharacterUpgradeRequirement" />
                                  </Children>
                                </BrushWidget>

                              </Children>
                            </ListPanel>
							
							<!--Occupation Input-->
                            <ListPanel WidthSizePolicy="StretchToParent" HeightSizePolicy="CoverChildren" StackLayout.LayoutMethod="HorizontalLeftToRight">
                              <Children>

								<RichTextWidget DoNotAcceptEvents="true" WidthSizePolicy="Fixed" SuggestedWidth="140" HeightSizePolicy="Fixed" SuggestedHeight="55" HorizontalAlignment="Center" VerticalAlignment="Center" Brush="Crafting.Popup.Property.Name.Text" Text="Occupation" />
                                
								<TroopDesignerDropdown DataSource="{OccupationSelection}" WidthSizePolicy="StretchToParent" HeightSizePolicy="Fixed" SuggestedHeight="55" HorizontalAlignment="Center" VerticalAlignment="Center" Brush="Crafting.NameInput.Text" />

                              </Children>
                            </ListPanel>

							  <TroopDesignerTextField Parameter.TextFieldTitle="Culture" Parameter.TextFieldInput="@CharacterCulture" />

							  <TroopDesignerToggle Parameter.ToggleTitle="Use skill template" Parameter.ToggleInput="@CharacterUseSkillTemplate" />

							  <TroopDesignerTextField Parameter.TextFieldTitle="Skill Template" Parameter.TextFieldInput="@CharacterSkillTemplate" IsVisible="@CharacterUseSkillTemplate" />

							  <TroopDesignerTextField Parameter.TextFieldTitle="Default Skill Value" Parameter.TextFieldInput="@CharacterDefaultSkillValue" IsVisible="@CharacterUseSkillValue" />

							  <TroopDesignerTextField Parameter.TextFieldTitle="Face Template" Parameter.TextFieldInput="@CharacterFaceTemplate" />

							  <TroopDesignerTextField Parameter.TextFieldTitle="Upgrade Targets" Parameter.TextFieldInput="@CharacterFirstUpgradeTarget" />

							  <TroopDesignerTextField Parameter.TextFieldTitle="" Parameter.TextFieldInput="@CharacterSecondUpgradeTarget" />
														
                          </Children>
                        </ListPanel>

                      </Children>
                    </Widget>

                  </Children>
                </ListPanel>

				<!--Cancel Button-->
				<ButtonWidget DoNotPassEventsToChildren="true" WidthSizePolicy="Fixed" HeightSizePolicy="Fixed" SuggestedWidth="286" SuggestedHeight="82" HorizontalAlignment="Center" VerticalAlignment="Center" MarginTop="880" MarginRight="280" Brush="Standard.PopupBackButton" Command.Click="ExecuteClose">
				<Children>
					<TextWidget WidthSizePolicy="StretchToParent" HeightSizePolicy="StretchToParent" Brush="CharacterDeveloper.PerkPopup.ButtonText" Text="Cancel"/>
				</Children>
				</ButtonWidget>
		
				<!--Output Button-->
				<ButtonWidget DoNotPassEventsToChildren="true" WidthSizePolicy="Fixed" HeightSizePolicy="Fixed" SuggestedWidth="286" SuggestedHeight="82" HorizontalAlignment="Center" VerticalAlignment="Center" MarginTop="880" MarginLeft="280" Brush="Standard.PopupCloseButton" Command.Click="ExecuteOutputCharacter" >
				<Children>
					<TextWidget WidthSizePolicy="StretchToParent" HeightSizePolicy="StretchToParent" Brush="CharacterDeveloper.PerkPopup.ButtonText" Text="Output" />
				</Children>
				</ButtonWidget>

                <Widget WidthSizePolicy="StretchToParent" HeightSizePolicy="StretchToParent" ExtendLeft="15" ExtendRight="15" ExtendTop="15" ExtendBottom="-30" Sprite="frame_9" DoNotAcceptEvents="true"/>

              </Children>
            </Widget>

          </Children>
        </ListPanel>

      </Children>
    </Widget>
  </Window>
</Prefab>