<Prefab>

  <Constants>
    <Constant Name="Standard.TripleDialogCloseButtons.Background.Width" BrushLayer="Default" BrushName="Standard.TripleDialogCloseButtons.Background" BrushValueType="Width" />
    <Constant Name="Standard.TripleDialogCloseButtons.Background.Height" BrushLayer="Default" BrushName="Standard.TripleDialogCloseButtons.Background" BrushValueType="Height" />

    <Constant Name="Standard.TripleDialogCloseButtons.CancelButton.Width" BrushLayer="Default" BrushName="Standard.TripleDialogCloseButtons.CancelButton" BrushValueType="Width" />
    <Constant Name="Standard.TripleDialogCloseButtons.CancelButton.Height" BrushLayer="Default" BrushName="Standard.TripleDialogCloseButtons.CancelButton" BrushValueType="Height" />

    <Constant Name="Standard.TripleDialogCloseButtons.ResetButton.Width" BrushLayer="Default" BrushName="Standard.TripleDialogCloseButtons.ResetButton" BrushValueType="Width" />
    <Constant Name="Standard.TripleDialogCloseButtons.ResetButton.Height" BrushLayer="Default" BrushName="Standard.TripleDialogCloseButtons.ResetButton" BrushValueType="Height" />

    <Constant Name="Standard.TripleDialogCloseButtons.DoneButton.Width" BrushLayer="Default" BrushName="Standard.TripleDialogCloseButtons.DoneButton" BrushValueType="Width" />
    <Constant Name="Standard.TripleDialogCloseButtons.DoneButton.Height" BrushLayer="Default" BrushName="Standard.TripleDialogCloseButtons.DoneButton" BrushValueType="Height" />
  </Constants>

  <Parameters>
    <Parameter Name="AddEquipmentButtonAction" DefaultValue="" />
    <Parameter Name="LoadFromCharacterIdAction" DefaultValue="" />
    <Parameter Name="CancelButtonAction" DefaultValue="" />
    <Parameter Name="ResetButtonAction" DefaultValue="" />
    <Parameter Name="DoneButtonAction" DefaultValue="" />

    <Parameter Name="ResetButtonHintDataSource" DefaultValue="" />

    <Parameter Name="DoneButtonHoverBegin" DefaultValue="" />
    <Parameter Name="DoneButtonHoverEnd" DefaultValue="" />
    
    <Parameter Name="ResetInputKeyDataSource" DefaultValue="" />
    <Parameter Name="CancelInputKeyDataSource" DefaultValue="" />
    <Parameter Name="DoneInputKeyDataSource" DefaultValue="" />
  </Parameters>

  <Window>
    <Widget DoNotAcceptEvents="true" WidthSizePolicy="Fixed" HeightSizePolicy="Fixed" SuggestedWidth="!Standard.TripleDialogCloseButtons.Background.Width" SuggestedHeight="!Standard.TripleDialogCloseButtons.Background.Height" HorizontalAlignment="Center" VerticalAlignment="Bottom">
      <Children>
        
		<ButtonWidget WidthSizePolicy="Fixed" HeightSizePolicy="Fixed" SuggestedWidth="!Standard.TripleDialogCloseButtons.CancelButton.Width" SuggestedHeight="!Standard.TripleDialogCloseButtons.CancelButton.Height" HorizontalAlignment="Left" VerticalAlignment="Bottom" MarginLeft="35" Brush="Standard.TripleDialogCloseButtons.CancelButton" Command.Click="*CancelButtonAction" IsDisabled="false" UpdateChildrenStates="true">
          <Children>
            <TextWidget DoNotAcceptEvents="true" WidthSizePolicy="CoverChildren" HeightSizePolicy="CoverChildren" HorizontalAlignment="Center" VerticalAlignment="Center" PositionYOffset="7" Brush="Standard.TripleDialogCloseButtons.ButtonText" Text="Back">
              <Children>
                <InputKeyVisualWidget DataSource="*CancelInputKeyDataSource" DoNotAcceptEvents="true" WidthSizePolicy="Fixed" HeightSizePolicy="Fixed" SuggestedWidth="48" SuggestedHeight="48" HorizontalAlignment="Left" VerticalAlignment="Center" PositionXOffset="-44" KeyID="@KeyID" IsVisible="@IsVisible"/>
              </Children>
            </TextWidget>
          </Children>
        </ButtonWidget>
		
        <ButtonWidget WidthSizePolicy="Fixed" HeightSizePolicy="Fixed" SuggestedWidth="!Standard.TripleDialogCloseButtons.DoneButton.Width" SuggestedHeight="!Standard.TripleDialogCloseButtons.DoneButton.Height" HorizontalAlignment="Left" VerticalAlignment="Top" MarginTop="17" MarginLeft="53"  Brush="Standard.DialogCloseButtons.DoneButton" Command.Click="*LoadFromCharacterIdAction" IsDisabled="false" UpdateChildrenStates="true">
          <Children>
            <TextWidget DoNotAcceptEvents="true" WidthSizePolicy="CoverChildren" HeightSizePolicy="CoverChildren" HorizontalAlignment="Center" VerticalAlignment="Center" PositionYOffset="13" Brush="Standard.TripleDialogCloseButtons.ButtonText" Text="Load From Id">
              <Children>
                <InputKeyVisualWidget DataSource="*DoneInputKeyDataSource" DoNotAcceptEvents="true" WidthSizePolicy="Fixed" HeightSizePolicy="Fixed" SuggestedWidth="48" SuggestedHeight="48" HorizontalAlignment="Left" VerticalAlignment="Center" PositionXOffset="-44" KeyID="@KeyID" IsVisible="@IsVisible"/>
              </Children>
            </TextWidget>
          </Children>
        </ButtonWidget>
		
        <ButtonWidget WidthSizePolicy="Fixed" HeightSizePolicy="Fixed" SuggestedWidth="!Standard.TripleDialogCloseButtons.DoneButton.Width" SuggestedHeight="!Standard.TripleDialogCloseButtons.DoneButton.Height" HorizontalAlignment="Right" VerticalAlignment="Top" MarginTop="17" MarginRight="53" Brush="Standard.DialogCloseButtons.DoneButton" Command.Click="*AddEquipmentButtonAction" IsDisabled="false" UpdateChildrenStates="true">
          <Children>
            <TextWidget DoNotAcceptEvents="true" WidthSizePolicy="CoverChildren" HeightSizePolicy="CoverChildren" HorizontalAlignment="Center" VerticalAlignment="Center" PositionYOffset="13" Brush="Standard.TripleDialogCloseButtons.ButtonText" Text="Add Equipment Set">
              <Children>
                <InputKeyVisualWidget DataSource="*DoneInputKeyDataSource" DoNotAcceptEvents="true" WidthSizePolicy="Fixed" HeightSizePolicy="Fixed" SuggestedWidth="48" SuggestedHeight="48" HorizontalAlignment="Left" VerticalAlignment="Center" PositionXOffset="-44" KeyID="@KeyID" IsVisible="@IsVisible"/>
              </Children>
            </TextWidget>
          </Children>
        </ButtonWidget>
		
        <ButtonWidget WidthSizePolicy="Fixed" HeightSizePolicy="Fixed" SuggestedWidth="!Standard.TripleDialogCloseButtons.DoneButton.Width" SuggestedHeight="!Standard.TripleDialogCloseButtons.DoneButton.Height" HorizontalAlignment="Right" VerticalAlignment="Bottom" MarginRight="35" Brush="Standard.TripleDialogCloseButtons.DoneButton" Command.Click="*DoneButtonAction" IsDisabled="false" UpdateChildrenStates="true">
          <Children>
            <TextWidget DoNotAcceptEvents="true" WidthSizePolicy="CoverChildren" HeightSizePolicy="CoverChildren" HorizontalAlignment="Center" VerticalAlignment="Center" PositionYOffset="7" Brush="Standard.TripleDialogCloseButtons.ButtonText" Text="Output Character">
              <Children>
                <InputKeyVisualWidget DataSource="*DoneInputKeyDataSource" DoNotAcceptEvents="true" WidthSizePolicy="Fixed" HeightSizePolicy="Fixed" SuggestedWidth="48" SuggestedHeight="48" HorizontalAlignment="Left" VerticalAlignment="Center" PositionXOffset="-44" KeyID="@KeyID" IsVisible="@IsVisible"/>
              </Children>
            </TextWidget>
          </Children>
        </ButtonWidget>
		        
		<ButtonWidget WidthSizePolicy="Fixed" HeightSizePolicy="Fixed" SuggestedWidth="!Standard.TripleDialogCloseButtons.ResetButton.Width" SuggestedHeight="!Standard.TripleDialogCloseButtons.ResetButton.Height" HorizontalAlignment="Center" VerticalAlignment="Bottom" Brush="Standard.TripleDialogCloseButtons.ResetButton" Command.Click="*ResetButtonAction" UpdateChildrenStates="true">
          <Children>
            <Widget DoNotAcceptEvents="true" WidthSizePolicy="Fixed" HeightSizePolicy="Fixed" SuggestedWidth="41" SuggestedHeight="36" HorizontalAlignment="Center" VerticalAlignment="Center" PositionYOffset="-2" Sprite="StdAssets\icon_reset" AlphaFactor="0.8">
              <Children>
                <InputKeyVisualWidget DataSource="*ResetInputKeyDataSource" DoNotAcceptEvents="true" WidthSizePolicy="Fixed" HeightSizePolicy="Fixed" SuggestedWidth="40" SuggestedHeight="40" HorizontalAlignment="Center" VerticalAlignment="Top" PositionYOffset="-58" KeyID="@KeyID" IsVisible="@IsVisible"/>
              </Children>
            </Widget>
           </Children>
        </ButtonWidget>
        <Widget DoNotAcceptEvents="true" WidthSizePolicy="StretchToParent" HeightSizePolicy="StretchToParent" Sprite="StdAssets\triple_button_frame" />
      </Children>
    </Widget>
  </Window>

</Prefab>