<Prefab>
  <Parameters>
    <Parameter Name="ToggleTitle" DefaultValue="" />
    <Parameter Name="ToggleInput" DefaultValue="" />
  </Parameters>
  <Window>
    <ListPanel WidthSizePolicy="StretchToParent" HeightSizePolicy="CoverChildren" StackLayout.LayoutMethod="HorizontalLeftToRight">
      <Children>

        <RichTextWidget DoNotAcceptEvents="true" WidthSizePolicy="Fixed" SuggestedWidth="140" HeightSizePolicy="Fixed" SuggestedHeight="55" HorizontalAlignment="Center" VerticalAlignment="Center" Brush="Crafting.Popup.Property.Name.Text" Text="*ToggleTitle" />
        
        <ButtonWidget DoNotPassEventsToChildren="true" WidthSizePolicy="Fixed" HeightSizePolicy="Fixed" SuggestedWidth="40" SuggestedHeight="40" VerticalAlignment="Center" MarginLeft="10" Brush="SPOptions.Checkbox.Empty.Button" ButtonType="Toggle" IsSelected="*ToggleInput" ToggleIndicator="ToggleIndicator" UpdateChildrenStates="true">
          <Children>
            <ImageWidget Id="ToggleIndicator" WidthSizePolicy="StretchToParent" HeightSizePolicy="StretchToParent" Brush="SPOptions.Checkbox.Full.Button" />
          </Children>
        </ButtonWidget>

      </Children>
    </ListPanel>
  </Window>
</Prefab>