<Prefab>
  <Window>
    <DropdownWidget Id="DropdownParent" WidthSizePolicy="CoverChildren" HeightSizePolicy="CoverChildren" ListPanel="SelectionList" Button="DropdownButton" CurrentSelectedIndex="@SelectedIndex"  RichTextWidget="DropdownButton\SelectedTextWidget">
      <Children>
        <ButtonWidget Id="DropdownButton" DoNotPassEventsToChildren="true" WidthSizePolicy="StretchToParent" HeightSizePolicy="StretchToParent" HorizontalAlignment="Center" VerticalAlignment="Top" Brush="SPOptions.Dropdown.Center">
          <Children>
            <RichTextWidget Id="SelectedTextWidget" WidthSizePolicy="StretchToParent" HeightSizePolicy="StretchToParent" HorizontalAlignment="Center" VerticalAlignment="Center" PositionYOffset="1" Brush="SPOptions.Dropdown.Center.Text"/>
          </Children>
        </ButtonWidget>

        <ListPanel Id="SelectionList" DataSource="{ItemList}" WidthSizePolicy="Fixed" HeightSizePolicy="CoverChildren" SuggestedWidth="160" VerticalAlignment="Top" Sprite="BlankWhiteSquare_9" Color="#100404FF"  IsVisible="false" StackLayout.LayoutMethod="VerticalBottomToTop" UpdateChildrenStates="true">
          <ItemTemplate>
            <ButtonWidget DoNotPassEventsToChildren="true" WidthSizePolicy="StretchToParent" HeightSizePolicy="Fixed" SuggestedHeight="30" HorizontalAlignment="Center" VerticalAlignment="Bottom" ButtonType="Radio" UpdateChildrenStates="true" IsVisible="@CanBeSelected">
              <Children>
                <ImageWidget DoNotAcceptEvents="true" WidthSizePolicy="StretchToParent" HeightSizePolicy="StretchToParent" MarginLeft="8" MarginRight="8" Brush="Standard.DropdownItem" />
                <RichTextWidget DoNotAcceptEvents="true" WidthSizePolicy="StretchToParent" HeightSizePolicy="StretchToParent" HorizontalAlignment="Center" VerticalAlignment="Center" Brush="SPOptions.Dropdown.Item.Text" Text="@StringItem" />
                <HintWidget DataSource="{Hint}" WidthSizePolicy="StretchToParent" HeightSizePolicy="Fixed" SuggestedHeight="30" Command.HoverBegin="ExecuteBeginHint" Command.HoverEnd="ExecuteEndHint" />
              </Children>
            </ButtonWidget>
          </ItemTemplate>
        </ListPanel>
      </Children>
    </DropdownWidget>
  </Window>
</Prefab>