<Prefab>
  <Window>
    <Widget WidthSizePolicy="StretchToParent" HeightSizePolicy="StretchToParent" IsVisible="@IsOpen">
      <Children>

        <!--Background Tint-->
        <Widget WidthSizePolicy="StretchToParent" HeightSizePolicy="StretchToParent" Sprite="BlankWhiteSquare_9" Color="#000000AA" />

        <ListPanel WidthSizePolicy="Fixed" SuggestedWidth="600" HeightSizePolicy="Fixed" SuggestedHeight="400" HorizontalAlignment="Center" MarginTop="340" MarginBottom="110" StackLayout.LayoutMethod="VerticalBottomToTop" >
          <Children>

            <!--Popup-->
            <Widget Id="PopupParent" WidthSizePolicy="StretchToParent" HeightSizePolicy="StretchToParent" >
              <Children>

                <ListPanel WidthSizePolicy="StretchToParent" HeightSizePolicy="StretchToParent" MarginTop="5" MarginLeft="5" MarginBottom="45" MarginRight="5" StackLayout.LayoutMethod="HorizontalLeftToRight">
                  <Children>

                    <Widget WidthSizePolicy="StretchToParent" HeightSizePolicy="StretchToParent" Sprite="StdAssets\Popup\canvas">
                      <Children>

                        <ListPanel WidthSizePolicy="StretchToParent" HeightSizePolicy="CoverChildren" StackLayout.LayoutMethod="VerticalBottomToTop" MarginRight="25" MarginLeft="25" MarginTop="25" VerticalAlignment="Top">
                          <Children>

                            <!--Character ID-->
							
							
							<TroopDesignerTextField Parameter.TextFieldTitle="Character ID" Parameter.TextFieldInput="@CharacterId" />
							<TroopDesignerTextField Parameter.TextFieldTitle="Character Equipment Set ID" Parameter.TextFieldInput="@CharacterEquipmentSetId" />
							
														
                          </Children>
                        </ListPanel>

                      </Children>
                    </Widget>

                  </Children>
                </ListPanel>

				<!--Cancel Button-->
				<ButtonWidget DoNotPassEventsToChildren="true" WidthSizePolicy="Fixed" HeightSizePolicy="Fixed" SuggestedWidth="286" SuggestedHeight="82" HorizontalAlignment="Center" VerticalAlignment="Center" MarginTop="353" MarginRight="280" Brush="Standard.PopupBackButton" Command.Click="ExecuteCancel">
				<Children>
					<TextWidget WidthSizePolicy="StretchToParent" HeightSizePolicy="StretchToParent" Brush="CharacterDeveloper.PerkPopup.ButtonText" Text="Cancel"/>
				</Children>
				</ButtonWidget>
		
				<!--Output Button-->
				<ButtonWidget DoNotPassEventsToChildren="true" WidthSizePolicy="Fixed" HeightSizePolicy="Fixed" SuggestedWidth="286" SuggestedHeight="82" HorizontalAlignment="Center" VerticalAlignment="Center" MarginTop="353" MarginLeft="280" Brush="Standard.PopupCloseButton" Command.Click="ExecuteClose" >
				<Children>
					<TextWidget WidthSizePolicy="StretchToParent" HeightSizePolicy="StretchToParent" Brush="CharacterDeveloper.PerkPopup.ButtonText" Text="Load" />
				</Children>
				</ButtonWidget>

                <Widget WidthSizePolicy="StretchToParent" HeightSizePolicy="StretchToParent" ExtendLeft="15" ExtendRight="15" ExtendTop="15" ExtendBottom="-30" Sprite="frame_9" DoNotAcceptEvents="true"/>

              </Children>
            </Widget>

          </Children>
        </ListPanel>

      </Children>
    </Widget>
  </Window>
</Prefab>