<Prefab>
	<Constants>
		<Constant Name="SidePanel.MarginTop" Value="25" />
		<Constant Name="SidePanel.MarginBottom" Value="70" />
		<Constant Name="SidePanel.List.MarginTop" Value="!TopBackground.Height" />

		<Constant Name="SidePanel.Width" Additive="24" Value="!Toggle.Width" />
		<Constant Name="SidePanel.NegativeWidth" MultiplyResult="-1" Value="!SidePanel.Width" />

		<Constant Name="Toggle.Width" BrushLayer="Default" BrushName="Inventory.Tuple.Right" BrushValueType="Width" />

		<Constant Name="TopBackground.Width" BrushLayer="Default" BrushName="Inventory.TopLeft.Background" BrushValueType="Width" />
		<Constant Name="TopBackground.Height" BrushLayer="Default" BrushName="Inventory.TopLeft.Background" BrushValueType="Height" />

		<Constant Name="TransferAllButton.Width" BrushLayer="Default" BrushName="InventoryBuyAllButton" BrushValueType="Width" />
		<Constant Name="TransferAllButton.Height" BrushLayer="Default" BrushName="InventoryBuyAllButton" BrushValueType="Height" />
	</Constants>

	<VisualDefinitions>
		<VisualDefinition Name="LeftMenu" EaseIn="true" TransitionDuration="0.45">
			<VisualState PositionXOffset="0" State="Default" />
		</VisualDefinition>
		<VisualDefinition Name="RightMenu" EaseIn="true" TransitionDuration="0.45">
			<VisualState PositionXOffset="0" State="Default" />
		</VisualDefinition>
		<VisualDefinition Name="TopMenu" EaseIn="true" TransitionDuration="0.45">
			<VisualState PositionYOffset="-6" State="Default" />
		</VisualDefinition>
		<VisualDefinition Name="BottomMenu" EaseIn="true" TransitionDuration="0.45">
			<VisualState PositionYOffset="6" State="Default" />
		</VisualDefinition>
	</VisualDefinitions>

	<Window>
		<InventoryScreenWidget WidthSizePolicy="StretchToParent" HeightSizePolicy="StretchToParent" Sprite="InventoryBackground" Command.ItemHoverBegin="ProcessItemTooltip" Command.ItemHoverEnd="ResetSelectedItem" EquippedItemControls="MainLayout\CenterPanel\EquippedItemControls" InventoryTooltip="InventoryTooltip" IsFocusedOnItemList="@IsFocusedOnItemList" IsInWarSet="@IsInWarSet" ItemPreviewWidget="ItemPreview" OtherInventoryGoldImage="MainLayout\LeftPanel\GoldContainer\Image" OtherInventoryGoldText="MainLayout\LeftPanel\GoldContainer\Text" TargetEquipmentIndex="@TargetEquipmentIndex" TradeLabel="MainLayout\CenterPanel\TradeLabelContainer\TradeLabel" TransactionCount="@TransactionCount" PlayerInventoryListWidget="MainLayout\RightPanel\PlayerInventoryListWidgetParent\PlayerInventoryListWidget\InventoryListScrollablePanel" OtherInventoryListWidget="MainLayout\LeftPanel\OtherInventoryListWidgetParent\OtherInventoryListWidget\InventoryListScrollablePanel" TransferInputKeyVisualWidget="TransferInputKeyVisual" PreviousCharacterInputVisualParent="MainLayout\CenterPanel\TopMenu\CharacterSelection\PreviousCharacterButton\InputKeyVisualParent" NextCharacterInputVisualParent="MainLayout\CenterPanel\TopMenu\CharacterSelection\NextCharacterButton\InputKeyVisualParent" Command.OnFocusLose="ExecuteRemoveZeroCounts" >
			<Children>

				<!--Center Tableau-->
				<NavigationScopeTargeter ScopeID="SwapPlacesButtonScope" ScopeParent="..\CenterTableau\SwapPlacesButtonWidget" ExtendDiscoveryAreaTop="150" ExtendDiscoveryAreaBottom="50" />
				<CharacterTableauWidget Id="CenterTableau" DataSource="{MainCharacter}" WidthSizePolicy="Fixed" HeightSizePolicy="Fixed" SuggestedWidth="1080" SuggestedHeight="1080" HorizontalAlignment="Center" VerticalAlignment="Center" BannerCodeText="@BannerCodeText" CharStringId="@CharStringId" EquipmentCode="@EquipmentCode" BodyProperties="@BodyProperties" IsFemale="@IsFemale" MountCreationKey="@MountCreationKey" StanceIndex="@StanceIndex" ArmorColor1="@ArmorColor1" ArmorColor2="@ArmorColor2" Race="@Race" IsEquipmentAnimActive="true" IsBannerShownInBackground="true" DoNotUseCustomScale="true" SwapPlacesButtonWidget="SwapPlacesButtonWidget" >
					<Children>
						<ButtonWidget Id="SwapPlacesButtonWidget" WidthSizePolicy="Fixed" HeightSizePolicy="Fixed" SuggestedWidth="50" SuggestedHeight="50" Brush="Inventory.SwapMountCharacter.Button" IsVisible="@HasMount" HorizontalAlignment="Center" VerticalAlignment="Bottom" MarginBottom="200" GamepadNavigationIndex="0"/>
					</Children>
				</CharacterTableauWidget>

				<ListPanel Id="MainLayout" DoNotAcceptEvents="true" WidthSizePolicy="StretchToParent" HeightSizePolicy="StretchToParent">
					<Children>

						<!--Left Panel-->
						<BrushWidget Id="LeftPanel" VisualDefinition="LeftMenu" WidthSizePolicy="Fixed" HeightSizePolicy="StretchToParent" SuggestedWidth="!SidePanel.Width" PositionXOffset="!SidePanel.NegativeWidth" MarginTop="!SidePanel.MarginTop" MarginBottom="!SidePanel.MarginBottom" Brush="Frame1.Broken.Left" RenderLate="true">
							<Children>
								<Widget WidthSizePolicy="Fixed" HeightSizePolicy="Fixed" SuggestedWidth="!TopBackground.Width" SuggestedHeight="!TopBackground.Height" HorizontalAlignment="Left" VerticalAlignment="Top" PositionXOffset="-3" Sprite="Inventory\header_left" ExtendBottom="16" />
								<Widget WidthSizePolicy="StretchToParent" HeightSizePolicy="Fixed" SuggestedHeight="50" MarginRight="10" MarginTop="18">
									<Children>
										<ButtonWidget WidthSizePolicy="Fixed" HeightSizePolicy="Fixed" SuggestedWidth="!TransferAllButton.Width" SuggestedHeight="!TransferAllButton.Height" HorizontalAlignment="Right" VerticalAlignment="Center" Brush="InventoryBuyAllButton" Command.Click="ExecuteBuyAllItems">
											<Children>
												<HintWidget DataSource="{BuyAllHint}" DoNotAcceptEvents="true" WidthSizePolicy="StretchToParent" HeightSizePolicy="StretchToParent" Command.HoverBegin="ExecuteBeginHint" Command.HoverEnd="ExecuteEndHint" />
											</Children>
										</ButtonWidget>
										<TextWidget WidthSizePolicy="CoverChildren" HeightSizePolicy="StretchToParent" MaxWidth="320" HorizontalAlignment="Right" VerticalAlignment="Center" MarginRight="50" Brush="InventoryHeaderFontBrush" Brush.FontSize="30" Brush.TextHorizontalAlignment="Right" Text="@LeftInventoryOwnerName" ClipContents="false">
											<Children>
												<InputKeyVisualWidget DataSource="{BuyAllInputKey}" DoNotAcceptEvents="true" WidthSizePolicy="Fixed" HeightSizePolicy="Fixed" SuggestedWidth="60" SuggestedHeight="60" HorizontalAlignment="Left" VerticalAlignment="Center" PositionXOffset="-55" KeyID="@KeyID" IsVisible="@IsVisible"/>
											</Children>
										</TextWidget>
									</Children>
								</Widget>

								<ListPanel WidthSizePolicy="CoverChildren" HeightSizePolicy="Fixed" SuggestedHeight="40" MarginTop="20" StackLayout.LayoutMethod="HorizontalLeftToRight">
									<Children>
										<Widget Id="GoldContainer" WidthSizePolicy="Fixed" HeightSizePolicy="Fixed" SuggestedWidth="110" SuggestedHeight="40" HorizontalAlignment="Left" IsVisible="@IsOtherInventoryGoldRelevant">
											<Children>
												<Widget Id="Image" WidthSizePolicy="Fixed" HeightSizePolicy="Fixed" SuggestedWidth="32" SuggestedHeight="31" HorizontalAlignment="Right" VerticalAlignment="Center" Sprite="Inventory\icon_gold" />
												<TextWidget Id="Text" WidthSizePolicy="StretchToParent" HeightSizePolicy="CoverChildren" HorizontalAlignment="Right" VerticalAlignment="Center" MarginRight="35" Brush="InventoryGoldFontBrush" Brush.FontSize="20" Brush.TextHorizontalAlignment="Right" IntText="@LeftInventoryOwnerGold" />
											</Children>
										</Widget>

										<!--Production Hint Widget-->
										<Widget Id="ProductionHintWidget" WidthSizePolicy="Fixed" HeightSizePolicy="Fixed" SuggestedWidth="44" SuggestedHeight="53" HorizontalAlignment="Left" VerticalAlignment="Center" Sprite="Inventory\production_icon" DoNotPassEventsToChildren="true" IsVisible="@IsTradingWithSettlement">
											<Children>
												<HintWidget DataSource="{ProductionTooltip}" DoNotAcceptEvents="true" WidthSizePolicy="StretchToParent" HeightSizePolicy="StretchToParent" Command.HoverBegin="ExecuteBeginHint" Command.HoverEnd="ExecuteEndHint" />
											</Children>
										</Widget>
									</Children>
								</ListPanel>

								<ListPanel Id="OtherInventoryListWidgetParent" WidthSizePolicy="CoverChildren" HeightSizePolicy="StretchToParent" MarginTop="!SidePanel.List.MarginTop" StackLayout.LayoutMethod="VerticalBottomToTop">
									<Children>
										<InventoryList Id="OtherInventoryListWidget" Parameter.IsPlayerItem="false" Parameter.ListDataSource="{LeftItemListVM}" Parameter.ListTag="OtherInventory" Parameter.SortDataSource="{OtherInventorySortController}" Parameter.NavigationMinIndex="0" Parameter.NavigationMaxIndex="1000000" Parameter.ListScopeID="LeftListItemsScope" Parameter.HeadersScopeID="LeftListHeadersScope" />

										<BrushWidget UpdateChildrenStates="true" WidthSizePolicy="Fixed" HeightSizePolicy="Fixed" SuggestedWidth="570" SuggestedHeight="55" HorizontalAlignment="Center" MarginTop="2" MarginBottom="2" Brush="SaveLoad.Search.Button" IsVisible="@IsSearchAvailable">
											<Children>
												<EditableTextWidget UpdateChildrenStates="true" WidthSizePolicy="StretchToParent" HeightSizePolicy="StretchToParent" MarginTop="10" MarginBottom="10" MarginLeft="10" MarginRight="10" Brush="SaveLoad.Search.InputText" DefaultSearchText="@SearchPlaceholderText" Text="@LeftSearchText" />
											</Children>
										</BrushWidget>
									</Children>
								</ListPanel>

							</Children>
						</BrushWidget>

						<!--Center Panel-->
						<InventoryCenterPanelWidget Id="CenterPanel" WidthSizePolicy="StretchToParent" HeightSizePolicy="StretchToParent" AcceptDrop="true" Command.Drop="ExecuteTransferWithParameters" CommandParameter.Drop="OverCharacter">
							<Children>

								<Widget Id="TopMenu" VisualDefinition="TopMenu" WidthSizePolicy="StretchToParent" HeightSizePolicy="Fixed" SuggestedHeight="210" PositionYOffset="-210">
									<Children>
										<NavigationScopeTargeter ScopeID="ItemSetsScope" ScopeParent="..\TopItems" ScopeMovements="Horizontal" HasCircularMovement="false" UpNavigationScope="None" LeftNavigationScope="None" RightNavigationScope="None" />
										<InventoryBooleanRadioListPanel Id="TopItems" DoNotAcceptEvents="true" WidthSizePolicy="CoverChildren" HeightSizePolicy="CoverChildren" HorizontalAlignment="Center" VerticalAlignment="Top" MarginTop="80" IsFirstSelected="@IsInWarSet" StackLayout.LayoutMethod="HorizontalRightToLeft">
											<Children>
												<ButtonWidget Id="CivilianFilter" WidthSizePolicy="Fixed" HeightSizePolicy="Fixed" SuggestedWidth="126" SuggestedHeight="67" HorizontalAlignment="Center" Brush="InventoryCivillianModeButton" ButtonType="Radio" ExtendCursorAreaLeft="-8" ExtendCursorAreaRight="-8" ExtendCursorAreaTop="-8" ExtendCursorAreaBottom="-8" GamepadNavigationIndex="1">
													<Children>
														<HintWidget DataSource="{CivilianOutfitHint}" DoNotAcceptEvents="true" WidthSizePolicy="StretchToParent" HeightSizePolicy="StretchToParent" Command.HoverBegin="ExecuteBeginHint" Command.HoverEnd="ExecuteEndHint" />
														<TutorialHighlightItemBrushWidget WidthSizePolicy="StretchToParent" HeightSizePolicy="StretchToParent" Brush="TutorialHighlightBrush" IsEnabled="false" IsHighlightEnabled="@IsCivilianFilterHighlightEnabled" IsVisible="false" />
													</Children>
												</ButtonWidget>
												<ButtonWidget WidthSizePolicy="Fixed" HeightSizePolicy="Fixed" SuggestedWidth="126" SuggestedHeight="67" HorizontalAlignment="Center" Brush="InventoryWarModeButton" ButtonType="Radio" ExtendCursorAreaLeft="-8" ExtendCursorAreaRight="-8" ExtendCursorAreaTop="-8" ExtendCursorAreaBottom="-8" GamepadNavigationIndex="0">
													<Children>
														<HintWidget DataSource="{BattleOutfitHint}" DoNotAcceptEvents="true" WidthSizePolicy="StretchToParent" HeightSizePolicy="StretchToParent" Command.HoverBegin="ExecuteBeginHint" Command.HoverEnd="ExecuteEndHint" />
													</Children>
												</ButtonWidget>
											</Children>
										</InventoryBooleanRadioListPanel>

										<NavigationScopeTargeter ScopeID="ItemTypesScope" ScopeParent="..\CenterItems" ScopeMovements="Horizontal" HasCircularMovement="false" UpNavigationScope="ItemSetsScope" ExtendChildrenCursorAreaTop="-6" ExtendChildrenCursorAreaBottom="-6" ExtendChildrenCursorAreaLeft="-6" ExtendChildrenCursorAreaRight="-6" ExtendDiscoveryAreaLeft="100" ExtendDiscoveryAreaRight="100" ExtendDiscoveryAreaBottom="-20" NavigateFromScopeEdges="true" UseDiscoveryAreaAsScopeEdges="true" />
										<NavigatableListPanel Id="CenterItems" DoNotAcceptEvents="true" WidthSizePolicy="CoverChildren" HeightSizePolicy="StretchToParent" HorizontalAlignment="Center" VerticalAlignment="Top" MarginTop="80" IntValue="@ActiveFilterIndex" MinIndex="0" MaxIndex="100">
											<Children>
												<ButtonWidget WidthSizePolicy="Fixed" HeightSizePolicy="Fixed" SuggestedWidth="67" SuggestedHeight="67" MarginLeft="-2" MarginRight="-2" Brush="InventoryFilterAllButton" ButtonType="Radio" Command.Click="ExecuteFilterNone">
													<Children>
														<HintWidget DataSource="{FilterAllHint}" DoNotAcceptEvents="true" WidthSizePolicy="StretchToParent" HeightSizePolicy="StretchToParent" Command.HoverBegin="ExecuteBeginHint" Command.HoverEnd="ExecuteEndHint" />
													</Children>
												</ButtonWidget>
												<ButtonWidget WidthSizePolicy="Fixed" HeightSizePolicy="Fixed" SuggestedWidth="67" SuggestedHeight="67" PositionXOffset="-5" PositionYOffset="40" MarginLeft="-2" MarginRight="-2" Brush="InventoryFilterWeaponsButton" ButtonType="Radio" Command.Click="ExecuteFilterWeapons">
													<Children>
														<HintWidget DataSource="{FilterWeaponHint}" DoNotAcceptEvents="true" WidthSizePolicy="StretchToParent" HeightSizePolicy="StretchToParent" Command.HoverBegin="ExecuteBeginHint" Command.HoverEnd="ExecuteEndHint" />
													</Children>
												</ButtonWidget>
												<ButtonWidget WidthSizePolicy="Fixed" HeightSizePolicy="Fixed" SuggestedWidth="67" SuggestedHeight="67" PositionYOffset="60" MarginLeft="-2" MarginRight="-2" Brush="InventoryFilterShieldsButton" ButtonType="Radio" Command.Click="ExecuteFilterShieldsAndRanged">
													<Children>
														<HintWidget DataSource="{FilterShieldAndRangedHint}" DoNotAcceptEvents="true" WidthSizePolicy="StretchToParent" HeightSizePolicy="StretchToParent" Command.HoverBegin="ExecuteBeginHint" Command.HoverEnd="ExecuteEndHint" />
													</Children>
												</ButtonWidget>
												<ButtonWidget WidthSizePolicy="Fixed" HeightSizePolicy="Fixed" SuggestedWidth="67" SuggestedHeight="67" PositionYOffset="60" MarginLeft="-2" MarginRight="-2" Brush="InventoryFilterArmorsButton" ButtonType="Radio" Command.Click="ExecuteFilterArmors">
													<Children>
														<HintWidget DataSource="{FilterArmorHint}" DoNotAcceptEvents="true" WidthSizePolicy="StretchToParent" HeightSizePolicy="StretchToParent" Command.HoverBegin="ExecuteBeginHint" Command.HoverEnd="ExecuteEndHint" />
													</Children>
												</ButtonWidget>
												<ButtonWidget WidthSizePolicy="Fixed" HeightSizePolicy="Fixed" SuggestedWidth="67" SuggestedHeight="67" PositionXOffset="5" PositionYOffset="40" MarginLeft="-2" MarginRight="-2" Brush="InventoryFilterMountsButton" ButtonType="Radio" Command.Click="ExecuteFilterMounts">
													<Children>
														<HintWidget DataSource="{FilterMountAndHarnessHint}" DoNotAcceptEvents="true" WidthSizePolicy="StretchToParent" HeightSizePolicy="StretchToParent" Command.HoverBegin="ExecuteBeginHint" Command.HoverEnd="ExecuteEndHint" />
													</Children>
												</ButtonWidget>
												<ButtonWidget WidthSizePolicy="Fixed" HeightSizePolicy="Fixed" SuggestedWidth="67" SuggestedHeight="67" MarginLeft="-2" MarginRight="-2" Brush="InventoryFilterFoodButton" ButtonType="Radio" Command.Click="ExecuteFilterMisc">
													<Children>
														<HintWidget DataSource="{FilterMiscHint}" DoNotAcceptEvents="true" WidthSizePolicy="StretchToParent" HeightSizePolicy="StretchToParent" Command.HoverBegin="ExecuteBeginHint" Command.HoverEnd="ExecuteEndHint" />
														<TutorialHighlightItemBrushWidget WidthSizePolicy="StretchToParent" HeightSizePolicy="StretchToParent" Brush="TutorialHighlightBrush" IsEnabled="false" IsHighlightEnabled="@IsMicsFilterHighlightEnabled" IsVisible="false" />
													</Children>
												</ButtonWidget>
											</Children>
										</NavigatableListPanel>

										<Widget Id="CharacterSelection" DataSource="{CharacterList}" DoNotAcceptEvents="true" WidthSizePolicy="Fixed" HeightSizePolicy="Fixed" SuggestedWidth="887" SuggestedHeight="156" HorizontalAlignment="Center" Sprite="StdAssets\tabbar_long">
											<Children>
												<!--Previous Character Button-->
												<ButtonWidget Id="PreviousCharacterButton" WidthSizePolicy="Fixed" HeightSizePolicy="Fixed" SuggestedWidth="37" SuggestedHeight="42" HorizontalAlignment="Left" VerticalAlignment="Top" MarginLeft="187" MarginTop="12" Brush="Inventory.Tabbard.PreviousCharacter" Command.Click="ExecuteSelectPreviousItem" IsDisabled="@HasSingleItem">
													<Children>
														<HintWidget DataSource="{..\PreviousCharacterHint}" DoNotAcceptEvents="true" WidthSizePolicy="StretchToParent" HeightSizePolicy="StretchToParent" Command.HoverBegin="ExecuteBeginHint" Command.HoverEnd="ExecuteEndHint" />
														<Widget Id="InputKeyVisualParent" DoNotAcceptEvents="true" WidthSizePolicy="Fixed" HeightSizePolicy="Fixed" SuggestedWidth="60" SuggestedHeight="60" HorizontalAlignment="Left" VerticalAlignment="Center" PositionXOffset="-55" >
															<Children>
																<InputKeyVisualWidget Id="InputKeyVisual" DataSource="{..\PreviousCharacterInputKey}" DoNotAcceptEvents="true" WidthSizePolicy="StretchToParent" HeightSizePolicy="StretchToParent" KeyID="@KeyID" IsVisible="@IsVisible"/>
															</Children>
														</Widget>
													</Children>
												</ButtonWidget>

												<!--Character Selection-->
												<OptionsDropdownWidget Id="DropdownParent" WidthSizePolicy="Fixed" HeightSizePolicy="Fixed" SuggestedWidth="434" SuggestedHeight="47" HorizontalAlignment="Center" VerticalAlignment="Top" MarginTop="8" Button="DropdownButton" CurrentSelectedIndex="@SelectedIndex" ListPanel="DropdownClipWidget\DropdownContainerWidget\ScrollablePanel\ClipRect\PrimaryUsageSelectorList" DropdownContainerWidget="DropdownClipWidget\DropdownContainerWidget" DropdownClipWidget="DropdownClipWidget" TextWidget="DropdownButton\SelectedTextWidget">
													<Children>

														<ButtonWidget Id="DropdownButton" DoNotPassEventsToChildren="true" WidthSizePolicy="StretchToParent" HeightSizePolicy="StretchToParent" HorizontalAlignment="Center" VerticalAlignment="Center" Brush="Character.Selection.Button" IsDisabled="@HasSingleItem">
															<Children>
																<ScrollingRichTextWidget Id="SelectedTextWidget" WidthSizePolicy="StretchToParent" HeightSizePolicy="StretchToParent" HorizontalAlignment="Center" VerticalAlignment="Center" MarginLeft="7" MarginRight="7" Brush="CharacterDeveloper.Title.Text" IsAutoScrolling="false" ScrollOnHoverWidget="..\..\DropdownButton" />
															</Children>
														</ButtonWidget>

														<!--Dropdown Visual-->
														<Widget Id="DropdownClipWidget" WidthSizePolicy="CoverChildren" HeightSizePolicy="Fixed" ClipContents="true" WidgetToCopyHeightFrom="DropdownContainerWidget\ScrollablePanel">
															<Children>

																<BrushWidget Id="DropdownContainerWidget" WidthSizePolicy="Fixed" HeightSizePolicy="Fixed" SuggestedWidth="434" SuggestedHeight="380" HorizontalAlignment="Center" VerticalAlignment="Bottom" Brush="SPOptions.Dropdown.Extension">
																	<Children>

																		<ScrollablePanel Id="ScrollablePanel" WidthSizePolicy="StretchToParent" HeightSizePolicy="CoverChildren" VerticalAlignment="Bottom" MarginBottom="20" AutoHideScrollBars="true" ClipRect="ClipRect" InnerPanel="ClipRect\PrimaryUsageSelectorList" MaxHeight="355" VerticalScrollbar="..\VerticalScrollbar">
																			<Children>
																				<Widget Id="ClipRect" WidthSizePolicy="StretchToParent" HeightSizePolicy="CoverChildren" ClipContents="true" MaxHeight="355">
																					<Children>

																						<ListPanel Id="PrimaryUsageSelectorList" DataSource="{ItemList}" WidthSizePolicy="StretchToParent" HeightSizePolicy="CoverChildren" HorizontalAlignment="Center" StackLayout.LayoutMethod="VerticalBottomToTop">

																							<ItemTemplate>
																								<ButtonWidget Is="DropdownItemButton" DoNotUseCustomScale="true" DoNotPassEventsToChildren="true" WidthSizePolicy="StretchToParent" HeightSizePolicy="Fixed" SuggestedHeight="29" MarginLeft="15" MarginRight="15" HorizontalAlignment="Center" VerticalAlignment="Bottom" ButtonType="Radio" UpdateChildrenStates="true" Brush="Standard.DropdownItem.SoundBrush">
																									<Children>
																										<ImageWidget WidthSizePolicy="StretchToParent" HeightSizePolicy="StretchToParent" MarginLeft="5" MarginRight="5" Brush="Standard.DropdownItem" />
																										<ScrollingRichTextWidget WidthSizePolicy="StretchToParent" HeightSizePolicy="StretchToParent" HorizontalAlignment="Center" VerticalAlignment="Center" MarginLeft="7" MarginRight="7" Brush="SPOptions.Dropdown.Item.Text" Text="@StringItem" IsAutoScrolling="false" ScrollOnHoverWidget="..\..\DropdownItemButton" />
																									</Children>
																								</ButtonWidget>
																							</ItemTemplate>

																						</ListPanel>
																					</Children>
																				</Widget>

																			</Children>
																		</ScrollablePanel>

																		<ScrollbarWidget Id="VerticalScrollbar" WidthSizePolicy="Fixed" HeightSizePolicy="StretchToParent" SuggestedWidth="8" HorizontalAlignment="Right" VerticalAlignment="Center" MarginTop="15" MarginBottom="15" AlignmentAxis="Vertical" Handle="VerticalScrollbarHandle" IsVisible="false" MaxValue="100" MinValue="0">
																			<Children>
																				<Widget WidthSizePolicy="Fixed" HeightSizePolicy="StretchToParent" SuggestedWidth="4" HorizontalAlignment="Center" Sprite="BlankWhiteSquare_9" AlphaFactor="0.2" Color="#5a4033FF" />
																				<ImageWidget Id="VerticalScrollbarHandle" WidthSizePolicy="Fixed" HeightSizePolicy="Fixed" SuggestedWidth="8" SuggestedHeight="10" HorizontalAlignment="Center" Brush="FaceGen.Scrollbar.Handle" />
																			</Children>
																		</ScrollbarWidget>

																	</Children>
																</BrushWidget>
															</Children>
														</Widget>

													</Children>
												</OptionsDropdownWidget>

												<!--Next Character Button-->
												<ButtonWidget Id="NextCharacterButton" WidthSizePolicy="Fixed" HeightSizePolicy="Fixed" SuggestedWidth="37" SuggestedHeight="42" HorizontalAlignment="Right" VerticalAlignment="Top" MarginRight="187" MarginTop="12" Brush="Inventory.Tabbard.NextCharacter" Command.Click="ExecuteSelectNextItem" IsDisabled="@HasSingleItem">
													<Children>
														<HintWidget DataSource="{..\NextCharacterHint}" DoNotAcceptEvents="true" WidthSizePolicy="StretchToParent" HeightSizePolicy="StretchToParent" Command.HoverBegin="ExecuteBeginHint" Command.HoverEnd="ExecuteEndHint" />
														<Widget Id="InputKeyVisualParent" DoNotAcceptEvents="true" WidthSizePolicy="Fixed" HeightSizePolicy="Fixed" SuggestedWidth="60" SuggestedHeight="60" HorizontalAlignment="Right" VerticalAlignment="Center" PositionXOffset="55" >
															<Children>
																<InputKeyVisualWidget Id="InputKeyVisual" DoNotAcceptEvents="true" DataSource="{..\NextCharacterInputKey}" WidthSizePolicy="StretchToParent" HeightSizePolicy="StretchToParent" KeyID="@KeyID" IsVisible="@IsVisible"/>
															</Children>
														</Widget>
													</Children>
												</ButtonWidget>
											</Children>
										</Widget>


									</Children>
								</Widget>

								<Widget Id="CenterMiddlePanel" DoNotAcceptEvents="true" WidthSizePolicy="StretchToParent" HeightSizePolicy="StretchToParent" MarginTop="200" MarginBottom="70"  >
									<Children>
										<NavigationScopeTargeter ScopeID="LeftEquipmentScope" ScopeParent="..\LeftMenu" ScopeMovements="Vertical" UpNavigationScope="ItemTypesScope" HasCircularMovement="false" ExtendDiscoveryAreaRight="175" NavigateFromScopeEdges="true" UseDiscoveryAreaAsScopeEdges="true" />
										<Widget Id="LeftMenu" VisualDefinition="LeftMenu" WidthSizePolicy="CoverChildren" HeightSizePolicy="CoverChildren" PositionXOffset="!SidePanel.NegativeWidth">
											<Children>
												<InventoryEquippedItemSlot HorizontalAlignment="Left" MarginLeft="5" MarginTop="40" Parameter.BackgroundBrush="InventoryHelmetSlot" Parameter.DropTag="Equipment_5" Parameter.EquipmentIndex="5" Parameter.HintDataSource="{EquipmentHelmSlotHint}" Parameter.IsRightSide="false" Parameter.ItemDataSource="{CharacterHelmSlot}" GamepadNavigationIndex="0" />
												<InventoryEquippedItemSlot HorizontalAlignment="Left" MarginLeft="5" MarginTop="125" Parameter.BackgroundBrush="InventoryCloakSlot" Parameter.DropTag="Equipment_9" Parameter.EquipmentIndex="9" Parameter.HintDataSource="{EquipmentCloakSlotHint}" Parameter.IsRightSide="false" Parameter.ItemDataSource="{CharacterCloakSlot}" GamepadNavigationIndex="1" />
												<InventoryEquippedItemSlot HorizontalAlignment="Left" MarginLeft="5" MarginTop="210" Parameter.BackgroundBrush="InventoryArmorSlot" Parameter.DropTag="Equipment_6" Parameter.EquipmentIndex="6" Parameter.HintDataSource="{EquipmentArmorSlotHint}" Parameter.IsRightSide="false" Parameter.ItemDataSource="{CharacterTorsoSlot}" GamepadNavigationIndex="2" />
												<InventoryEquippedItemSlot HorizontalAlignment="Left" MarginLeft="5" MarginTop="295" Parameter.BackgroundBrush="InventoryGloveSlot" Parameter.DropTag="Equipment_8" Parameter.EquipmentIndex="8" Parameter.HintDataSource="{EquipmentGloveSlotHint}" Parameter.IsRightSide="false" Parameter.ItemDataSource="{CharacterGloveSlot}" GamepadNavigationIndex="3" />
												<InventoryEquippedItemSlot HorizontalAlignment="Left" MarginLeft="5" MarginTop="380" Parameter.BackgroundBrush="InventoryBootSlot" Parameter.DropTag="Equipment_7" Parameter.EquipmentIndex="7" Parameter.HintDataSource="{EquipmentBootSlotHint}" Parameter.IsRightSide="false" Parameter.ItemDataSource="{CharacterBootSlot}" GamepadNavigationIndex="4" />
												<InventoryEquippedItemSlot HorizontalAlignment="Left" MarginLeft="5" MarginTop="500" Parameter.BackgroundBrush="InventoryMountSlot" Parameter.DropTag="Equipment_10" Parameter.EquipmentIndex="10" Parameter.HintDataSource="{EquipmentMountSlotHint}" Parameter.IsRightSide="false" Parameter.ItemDataSource="{CharacterMountSlot}" GamepadNavigationIndex="5" />
												<InventoryEquippedItemSlot MarginLeft="5" MarginTop="585" Parameter.BackgroundBrush="InventoryMountArmorSlot" Parameter.DropTag="Equipment_11" Parameter.EquipmentIndex="11" Parameter.HintDataSource="{EquipmentHarnessSlotHint}" Parameter.IsRightSide="false" Parameter.ItemDataSource="{CharacterMountArmorSlot}" GamepadNavigationIndex="6" />

												<Widget WidthSizePolicy="Fixed" HeightSizePolicy="Fixed" SuggestedWidth="60" SuggestedHeight="60" HorizontalAlignment="Left" MarginLeft="100" MarginTop="85" Sprite="Inventory\ShieldIcon">
													<Children>
														<TextWidget DoNotAcceptEvents="true" WidthSizePolicy="StretchToParent" HeightSizePolicy="StretchToParent" HorizontalAlignment="Center" VerticalAlignment="Center" Brush="InventoryDefaultFontBrush" Brush.FontSize="20" Brush.TextHorizontalAlignment="Center" FloatText="@CurrentCharacterHeadArmor" />
														<HintWidget DataSource="{HeadArmorHint}" DoNotAcceptEvents="true" WidthSizePolicy="StretchToParent" HeightSizePolicy="StretchToParent" Command.HoverBegin="ExecuteBeginHint" Command.HoverEnd="ExecuteEndHint" />
													</Children>
												</Widget>
												<Widget WidthSizePolicy="Fixed" HeightSizePolicy="Fixed" SuggestedWidth="60" SuggestedHeight="60" HorizontalAlignment="Left" MarginLeft="100" MarginTop="170" Sprite="Inventory\ShieldIcon">
													<Children>
														<TextWidget DoNotAcceptEvents="true" WidthSizePolicy="StretchToParent" HeightSizePolicy="StretchToParent" HorizontalAlignment="Center" VerticalAlignment="Center" Brush="InventoryDefaultFontBrush" Brush.FontSize="20" Brush.TextHorizontalAlignment="Center" FloatText="@CurrentCharacterBodyArmor" />
														<HintWidget DataSource="{BodyArmorHint}" DoNotAcceptEvents="true" WidthSizePolicy="StretchToParent" HeightSizePolicy="StretchToParent" Command.HoverBegin="ExecuteBeginHint" Command.HoverEnd="ExecuteEndHint" />
													</Children>
												</Widget>
												<Widget WidthSizePolicy="Fixed" HeightSizePolicy="Fixed" SuggestedWidth="60" SuggestedHeight="60" HorizontalAlignment="Left" MarginLeft="100" MarginTop="255" Sprite="Inventory\ShieldIcon">
													<Children>
														<TextWidget DoNotAcceptEvents="true" WidthSizePolicy="StretchToParent" HeightSizePolicy="StretchToParent" HorizontalAlignment="Center" VerticalAlignment="Center" Brush="InventoryDefaultFontBrush" Brush.FontSize="20" Brush.TextHorizontalAlignment="Center" FloatText="@CurrentCharacterArmArmor" />
														<HintWidget DataSource="{ArmArmorHint}" DoNotAcceptEvents="true" WidthSizePolicy="StretchToParent" HeightSizePolicy="StretchToParent" Command.HoverBegin="ExecuteBeginHint" Command.HoverEnd="ExecuteEndHint" />
													</Children>
												</Widget>
												<Widget WidthSizePolicy="Fixed" HeightSizePolicy="Fixed" SuggestedWidth="60" SuggestedHeight="60" HorizontalAlignment="Left" MarginLeft="100" MarginTop="340" Sprite="Inventory\ShieldIcon">
													<Children>
														<TextWidget DoNotAcceptEvents="true" WidthSizePolicy="StretchToParent" HeightSizePolicy="StretchToParent" HorizontalAlignment="Center" VerticalAlignment="Center" Brush="InventoryDefaultFontBrush" Brush.FontSize="20" Brush.TextHorizontalAlignment="Center" FloatText="@CurrentCharacterLegArmor" />
														<HintWidget DataSource="{LegArmorHint}" DoNotAcceptEvents="true" WidthSizePolicy="StretchToParent" HeightSizePolicy="StretchToParent" Command.HoverBegin="ExecuteBeginHint" Command.HoverEnd="ExecuteEndHint" />
													</Children>
												</Widget>

												<Widget WidthSizePolicy="Fixed" HeightSizePolicy="Fixed" SuggestedWidth="60" SuggestedHeight="60" HorizontalAlignment="Left" MarginLeft="100" MarginTop="545" Sprite="Inventory\ShieldIcon">
													<Children>
														<TextWidget DoNotAcceptEvents="true" WidthSizePolicy="StretchToParent" HeightSizePolicy="StretchToParent" HorizontalAlignment="Center" VerticalAlignment="Center" Brush="InventoryDefaultFontBrush" Brush.FontSize="20" Brush.TextHorizontalAlignment="Center" FloatText="@CurrentCharacterHorseArmor" />
														<HintWidget DataSource="{HorseArmorHint}" DoNotAcceptEvents="true" WidthSizePolicy="StretchToParent" HeightSizePolicy="StretchToParent" Command.HoverBegin="ExecuteBeginHint" Command.HoverEnd="ExecuteEndHint" />
													</Children>
												</Widget>

												<!--No Saddle Warning-->
												<Widget WidthSizePolicy="CoverChildren" HeightSizePolicy="CoverChildren" HorizontalAlignment="Left" MarginLeft="15" MarginTop="655" UpdateChildrenStates="true" IsEnabled="@NoSaddleWarned">
													<Children>
														<Widget DataSource="{NoSaddleHint}" Id="NoSaddleWarningBoxWidget" WidthSizePolicy="CoverChildren" HeightSizePolicy="CoverChildren" Command.HoverBegin="ExecuteBeginHint" Command.HoverEnd="ExecuteEndHint">
															<Children>
																<WarningTextWidget DataSource="{..}" WidthSizePolicy="CoverChildren" HeightSizePolicy="CoverChildren" MarginLeft="5" MarginRight="5" MarginTop="5" MarginBottom="5" Brush="Inventory.Encumbered.Font" Text="@NoSaddleText" DoNotAcceptEvents="true" IsWarned="@NoSaddleWarned"/>
															</Children>
														</Widget>
													</Children>
												</Widget>

											</Children>
										</Widget>

										<NavigationScopeTargeter ScopeID="RightEquipmentScope" ScopeParent="..\RightEquipmentList" ScopeMovements="Vertical" UpNavigationScope="ItemTypesScope" HasCircularMovement="false" ExtendDiscoveryAreaLeft="175" NavigateFromScopeEdges="true" UseDiscoveryAreaAsScopeEdges="true" />
										<Widget Id="RightEquipmentList" VisualDefinition="RightMenu" WidthSizePolicy="CoverChildren" HeightSizePolicy="CoverChildren" HorizontalAlignment="Right" PositionXOffset="!SidePanel.Width" >
											<Children>
												<InventoryEquippedItemSlot MarginLeft="5" MarginTop="40" Parameter.BackgroundBrush="InventoryWeaponSlot" Parameter.DropTag="Equipment_0" Parameter.EquipmentIndex="0" Parameter.HintDataSource="{EquipmentWeaponSlotHint}" Parameter.IsRightSide="true" Parameter.ItemDataSource="{CharacterWeapon1Slot}" GamepadNavigationIndex="0"/>
												<InventoryEquippedItemSlot MarginLeft="5" MarginTop="125" Parameter.BackgroundBrush="InventoryWeaponSlot" Parameter.DropTag="Equipment_1" Parameter.EquipmentIndex="0" Parameter.HintDataSource="{EquipmentWeaponSlotHint}" Parameter.IsRightSide="true" Parameter.ItemDataSource="{CharacterWeapon2Slot}" GamepadNavigationIndex="1"/>
												<InventoryEquippedItemSlot MarginLeft="5" MarginTop="210" Parameter.BackgroundBrush="InventoryWeaponSlot" Parameter.DropTag="Equipment_2" Parameter.EquipmentIndex="0" Parameter.HintDataSource="{EquipmentWeaponSlotHint}" Parameter.IsRightSide="true" Parameter.ItemDataSource="{CharacterWeapon3Slot}" GamepadNavigationIndex="2"/>
												<InventoryEquippedItemSlot MarginLeft="5" MarginTop="295" Parameter.BackgroundBrush="InventoryWeaponSlot" Parameter.DropTag="Equipment_3" Parameter.EquipmentIndex="0" Parameter.HintDataSource="{EquipmentWeaponSlotHint}" Parameter.IsRightSide="true" Parameter.ItemDataSource="{CharacterWeapon4Slot}" GamepadNavigationIndex="3"/>
												<InventoryEquippedItemSlot MarginLeft="5" MarginTop="500" Parameter.BackgroundBrush="InventoryBannerSlot" Parameter.DropTag="Equipment_4" Parameter.EquipmentIndex="4" Parameter.HintDataSource="{EquipmentBannerSlotHint}" Parameter.IsRightSide="true" Parameter.ItemDataSource="{CharacterBannerSlot}" GamepadNavigationIndex="4"/>

												<Widget WidthSizePolicy="Fixed" HeightSizePolicy="Fixed" SuggestedWidth="48" SuggestedHeight="63" HorizontalAlignment="Right" MarginRight="25" MarginTop="600">
													<Children>
														<HintWidget DataSource="{CurrentCharacterSkillsTooltip}" WidthSizePolicy="StretchToParent" HeightSizePolicy="StretchToParent" Sprite="MapBar\mapbar_icon2" Command.HoverBegin="ExecuteBeginHint" Command.HoverEnd="ExecuteEndHint" GamepadNavigationIndex="5"/>
													</Children>
												</Widget>

												<Widget WidthSizePolicy="Fixed" HeightSizePolicy="Fixed" SuggestedWidth="100" SuggestedHeight="100" HorizontalAlignment="Right" MarginLeft="-5" MarginTop="670" Sprite="Inventory\WeightIcon">
													<Children>
														<TextWidget DoNotAcceptEvents="true" WidthSizePolicy="StretchToParent" HeightSizePolicy="StretchToParent" VerticalAlignment="Center" PositionYOffset="8" Brush="InventoryDefaultFontBrush" Brush.FontSize="20" Brush.TextHorizontalAlignment="Center" Text="@CurrentCharacterTotalEncumbrance" />
														<HintWidget DataSource="{WeightHint}" DoNotAcceptEvents="true" WidthSizePolicy="StretchToParent" HeightSizePolicy="StretchToParent" Command.HoverBegin="ExecuteBeginHint" Command.HoverEnd="ExecuteEndHint" GamepadNavigationIndex="6" />
													</Children>
												</Widget>
											</Children>
										</Widget>

									</Children>
								</Widget>

								<Widget WidthSizePolicy="CoverChildren" HeightSizePolicy="CoverChildren" HorizontalAlignment="Center" VerticalAlignment="Bottom" MarginBottom="155" UpdateChildrenStates="true" IsEnabled="@EquipmentCountWarned">
									<Children>
										<Widget DataSource="{CapacityExceededHint}" Id="EncumberedWarningBoxWidget" WidthSizePolicy="CoverChildren" HeightSizePolicy="CoverChildren" Command.HoverBegin="ExecuteBeginHint" Command.HoverEnd="ExecuteEndHint" HorizontalAlignment="Center" VerticalAlignment="Center">
											<Children>
												<WarningTextWidget DataSource="{..}" WidthSizePolicy="CoverChildren" HeightSizePolicy="CoverChildren" MarginLeft="5" MarginRight="5" MarginTop="5" MarginBottom="5" Brush="Inventory.Encumbered.Font" Text="@CapacityExceededText" DoNotAcceptEvents="true" IsWarned="@EquipmentCountWarned"/>
											</Children>
										</Widget>
									</Children>
								</Widget>

								<Widget Id="TradeLabelContainer" WidthSizePolicy="CoverChildren" HeightSizePolicy="CoverChildren" HorizontalAlignment="Center" VerticalAlignment="Bottom" MarginBottom="100" IsDisabled="true" Sprite="BlankWhiteSquare_9" Color="#00000066">
									<Children>
										<AutoHideRichTextWidget Id="TradeLabel" WidthSizePolicy="CoverChildren" HeightSizePolicy="Fixed" SuggestedHeight="50" HorizontalAlignment="Center" MarginLeft="10" MarginRight="5" VerticalAlignment="Center" Text="@TradeLbl" WidgetToHideIfEmpty="..\..\TradeLabelContainer"/>
									</Children>
								</Widget>

								<Widget Id="DonationLabelContainer" WidthSizePolicy="CoverChildren" HeightSizePolicy="CoverChildren" HorizontalAlignment="Center" VerticalAlignment="Bottom" MarginBottom="100" Sprite="BlankWhiteSquare_9" Color="#00000066" DoNotAcceptEvents="true" IsVisible="@HasGainedExperience">
									<Children>
										<Widget Id="DonationLabelHint" DataSource="{DonationLblHint}" WidthSizePolicy="CoverChildren" HeightSizePolicy="CoverChildren" HorizontalAlignment="Center" VerticalAlignment="Center" Command.HoverBegin="ExecuteBeginHint" Command.HoverEnd="ExecuteEndHint" DoNotPassEventsToChildren="true">
											<Children>
												<WarningTextWidget Id="DonationLabelText" DataSource="{..}" DoNotAcceptEvents="true" WidthSizePolicy="CoverChildren" HeightSizePolicy="Fixed" SuggestedHeight="50" HorizontalAlignment="Center" MarginLeft="10" MarginRight="5" VerticalAlignment="Center" Text="@ExperienceLbl" Brush="Inventory.Experience.Label" IsWarned="@IsDonationXpGainExceedsMax"/>
											</Children>
										</Widget>
									</Children>
								</Widget>

								<TroopDesignerBottomButtons VisualDefinition="BottomMenu" PositionYOffset="100" Parameter.CancelButtonAction="ExecuteResetAndCompleteTranstactions" Parameter.CancelButtonText="@CancelLbl" Parameter.CancelInputKeyDataSource="{CancelInputKey}" Parameter.DoneButtonAction="ExecuteCompleteTranstactions" Parameter.DoneButtonHoverBegin="ExecuteShowRecap" Parameter.DoneButtonHoverEnd="ExecuteCancelRecap" Parameter.DoneButtonText="@DoneLbl" Parameter.DoneInputKeyDataSource="{DoneInputKey}" Parameter.ResetButtonAction="ExecuteResetTranstactions" Parameter.ResetButtonHintDataSource="{ResetHint}" Parameter.DoneButtonDisabled="@IsDoneDisabled" Parameter.AddEquipmentButtonAction="ExecuteAddEquipment" Parameter.LoadFromCharacterIdAction="OpenLoadFromCharacterId" />
								
								<InventoryEquippedItemControls Id="EquippedItemControls" IsVisible="false" />
							</Children>
						</InventoryCenterPanelWidget>

						<!--Right Panel-->
						<BrushWidget Id="RightPanel" VisualDefinition="RightMenu" WidthSizePolicy="Fixed" HeightSizePolicy="StretchToParent" SuggestedWidth="!SidePanel.Width" PositionXOffset="!SidePanel.Width" MarginTop="!SidePanel.MarginTop" MarginBottom="!SidePanel.MarginBottom" Brush="Frame1.Broken.Right" RenderLate="true">
							<Children>

								<!--Header Background-->
								<Widget WidthSizePolicy="Fixed" HeightSizePolicy="Fixed" SuggestedWidth="!TopBackground.Width" SuggestedHeight="!TopBackground.Height" HorizontalAlignment="Left" VerticalAlignment="Top" Sprite="Inventory\header_right" ExtendBottom="16" />

								<ListPanel Id="RightPanelHeaderItems" WidthSizePolicy="StretchToParent" HeightSizePolicy="Fixed" SuggestedHeight="50" MarginLeft="10" MarginRight="10" MarginTop="18" DoNotAcceptEvents="true">
									<Children>

										<!--Sell All Button-->
										<ButtonWidget WidthSizePolicy="Fixed" HeightSizePolicy="Fixed" SuggestedWidth="!TransferAllButton.Width" SuggestedHeight="!TransferAllButton.Height" VerticalAlignment="Center" Brush="InventorySellAllButton" Command.Click="ExecuteSellAllItems">
											<Children>
												<HintWidget DataSource="{SellAllHint}" DoNotAcceptEvents="true" WidthSizePolicy="StretchToParent" HeightSizePolicy="StretchToParent" Command.HoverBegin="ExecuteBeginHint" Command.HoverEnd="ExecuteEndHint" />
											</Children>
										</ButtonWidget>

										<!--Right Inventory Owner Name-->
										<Widget WidthSizePolicy="Fixed" HeightSizePolicy="StretchToParent" SuggestedWidth="275" VerticalAlignment="Center" MarginLeft="5">
											<Children>
												<TextWidget WidthSizePolicy="CoverChildren" HeightSizePolicy="StretchToParent" MaxWidth="240" VerticalAlignment="Center" PositionYOffset="0" Brush="InventoryHeaderFontBrush" Brush.FontSize="30" Text="@RightInventoryOwnerName" ClipContents="false">
													<Children>
														<InputKeyVisualWidget DataSource="{SellAllInputKey}" DoNotAcceptEvents="true" WidthSizePolicy="Fixed" HeightSizePolicy="Fixed" SuggestedWidth="60" SuggestedHeight="60" HorizontalAlignment="Right" VerticalAlignment="Center" PositionXOffset="55" KeyID="@KeyID" IsVisible="@IsVisible"/>
													</Children>
												</TextWidget>
											</Children>
										</Widget>

										

									</Children>
								</ListPanel>

								<ListPanel Id="PlayerInventoryListWidgetParent" WidthSizePolicy="CoverChildren" HeightSizePolicy="StretchToParent" MarginTop="!SidePanel.List.MarginTop" StackLayout.LayoutMethod="VerticalBottomToTop">
									<Children>

										<InventoryList Id="PlayerInventoryListWidget" Parameter.IsPlayerItem="true" Parameter.ListDataSource="{RightItemListVM}" Parameter.ListTag="PlayerInventory" Parameter.SortDataSource="{PlayerInventorySortController}" Parameter.NavigationMinIndex="0" Parameter.NavigationMaxIndex="1000000" Parameter.ListScopeID="RightListItemsScope" Parameter.HeadersScopeID="RightListHeadersScope" />

										<BrushWidget UpdateChildrenStates="true" WidthSizePolicy="Fixed" HeightSizePolicy="Fixed" SuggestedWidth="570" SuggestedHeight="55" HorizontalAlignment="Center" MarginTop="2" MarginBottom="2" Brush="SaveLoad.Search.Button" IsVisible="@IsSearchAvailable">
											<Children>
												<EditableTextWidget UpdateChildrenStates="true" WidthSizePolicy="StretchToParent" HeightSizePolicy="StretchToParent" MarginTop="10" MarginBottom="10" MarginLeft="10" MarginRight="10" Brush="SaveLoad.Search.InputText" DefaultSearchText="@SearchPlaceholderText" Text="@RightSearchText" />
											</Children>
										</BrushWidget>

									</Children>
								</ListPanel>

							</Children>
						</BrushWidget>

					</Children>
				</ListPanel>

				<InputKeyVisualWidget DoNotAcceptEvents="true" Id="TransferInputKeyVisual" WidthSizePolicy="Fixed" HeightSizePolicy="Fixed" SuggestedWidth="60" SuggestedHeight="60" HorizontalAlignment="Left" VerticalAlignment="Top"/>

				<InventoryTooltip Id="InventoryTooltip" DoNotAcceptEvents="true" />
				<InventoryItemPreview DataSource="{ItemPreview}" Id="ItemPreview" />
				

				<!--Load Character Popup-->
				<TroopDesignerLoadFromCharacterId DataSource="{LoadFromCharacterIdPopup}" />
				<!--Finalize Character Popup-->
				<TroopDesignerFinalizePopup DataSource="{FinalizePopup}" />
				
			</Children>
		</InventoryScreenWidget>
	</Window>
</Prefab>